engine_id,engine_name,engine_platforms,engines_companies
186,OEngine,6;48;49;,5025;
414,html5,undefined,undefined
1291,Pinball Construction Set,undefined,undefined
237,The Madness Engine,undefined,356;
439,Unreal Engine 4,undefined,17463;
607,Visionaire Studio,undefined,undefined
1357,Cryogen,undefined,undefined
1211,Trial,undefined,undefined
34,GlassBox,undefined,undefined
32,Retox,undefined,undefined
153,LyN,5;6;9;12;20;37;,undefined
203,UE4 - duplicate,undefined,undefined
35,Northlight Engine,6;48;49;,undefined
40,Titan 2.0,undefined,undefined
44,Velocity Engine,undefined,undefined
109,Horizon Engine,undefined,undefined
112,FlatRedBall,undefined,undefined
129,Emmersion,undefined,undefined
127,LS3D,undefined,undefined
143,Sierra's Creative Interpreter,undefined,undefined
146,Beard+Razor,undefined,undefined
1279,MS25,undefined,undefined
594,flash,undefined,undefined
162,Vampire,undefined,undefined
225,Phoenix Engine (Relic),6;9;12;,196;
184,Killzone Shadow Fall engine,undefined,undefined
1052,Rpgmak,undefined,undefined
288,Dagon Engine,undefined,undefined
416,Evolution Engine,undefined,undefined
1328,RTC Engine,undefined,undefined
835,Dark Sun,undefined,undefined
1185,Creatures Evolution Engine,undefined,undefined
1307,Halo 3,undefined,undefined
665,Soft Engine 2.0,undefined,undefined
1139,Flutter,undefined,undefined
1256,Majiro,undefined,undefined
229,Moai,undefined,undefined
121,Refractor Engine,6;11;14;,94;138;155;
1210,Darkstar,undefined,undefined
1212,plays,undefined,undefined
526,zandronum,undefined,undefined
1108,Starlight,undefined,undefined
1257,Infinity Engine 2,undefined,undefined
171,Flixel,undefined,undefined
976,CP System II (CPS-2),undefined,undefined
1310,Raven,undefined,undefined
174,PhyreEngine,undefined,45;
557,Source 2,6;14;34;39;,56;
50,Starbreeze Engine,undefined,undefined
766,Saber3D Engine,undefined,undefined
519,Offset Engine,undefined,13730;
205,DarkPlaces engine,undefined,undefined
346,Road Hog Engine,undefined,420;
515,Ronin,undefined,undefined
147,YETI,6;9;12;38;41;,841;4477;
138,Jedi,6;13;,undefined
1037,Bemani PC Type 5,undefined,undefined
8,Havok,undefined,undefined
1159,ShiVa3d,undefined,undefined
834,TyranoScript,undefined,undefined
30,Angelica III,undefined,undefined
23,Serious Engine 4,undefined,undefined
676,E.V.I.L Engine,undefined,undefined
1180,FMOD,undefined,undefined
57,Real Virtuality,undefined,undefined
59,Impact Engine,undefined,undefined
1223,Windows Mobile,undefined,undefined
163,CloakNT3,undefined,undefined
1149,EMotion FX,undefined,undefined
208,Zero,undefined,undefined
373,HaxeFlixel,undefined,undefined
270,Cinematique,undefined,undefined
268,c#,undefined,undefined
283,Ice-Peak Engine,undefined,undefined
1054,I.K.E.M.E.N,undefined,undefined
68,Aurora Engine,6;,2;
1278,MS30,undefined,undefined
905,Construct,undefined,undefined
1147,Invention,undefined,undefined
238,Sprint,undefined,undefined
1009,KRASS Engine,undefined,undefined
623,Abyss Engine,undefined,undefined
674,Star Engine,undefined,undefined
673,Serious Engine 4.0,undefined,undefined
705,Alien Shooter Engine,undefined,undefined
1137,Go,undefined,undefined
38,Diesel,undefined,undefined
21,TheEngine,6;14;,5851;
747,libGDX,undefined,undefined
27,Dark Alliance Engine,6;8;9;11;12;21;38;,78;
1109,idTech3,undefined,undefined
434,Novelty,undefined,undefined
19,Ubisoft Snowdrop,6;48;49;130;170;,104;537;
1063,Cardinal Game Engine,undefined,undefined
1250,Airem engine,undefined,undefined
357,Sonic Worlds,undefined,undefined
1282,Croc 2,undefined,undefined
126,Kinetica,8;,4357;
437,BANG!,undefined,undefined
1131,Steamclock Software,undefined,undefined
1270,Nugbase Engine,undefined,undefined
1179,stockfish,undefined,undefined
134,ZenGin,6;,1056;
37,Quest,undefined,undefined
1220,menduz engine,undefined,undefined
218,node.js,undefined,undefined
33,Forgelight Engine,undefined,undefined
92,XnGine,undefined,undefined
836,namco,undefined,undefined
93,Radiant AI,undefined,undefined
1325,Taito Type-X2,undefined,undefined
114,Crystal Tools,undefined,undefined
608,Symbian,undefined,undefined
132,Voxel Plus,undefined,undefined
167,Cube Engine,undefined,undefined
1073,Varytale,undefined,undefined
1134,skaza engine,undefined,undefined
1064,JEng,undefined,undefined
502,Autodesk Beast,undefined,undefined
692,ElectronJS,undefined,undefined
294,Serious Engine 3.5,undefined,undefined
293,jMonkeyEngine,undefined,undefined
347,Visionaire,undefined,undefined
206,Construct 2,undefined,undefined
319,Cougar Adventure Engine,undefined,undefined
343,Box2D,undefined,undefined
1121,BabylonJS,undefined,undefined
408,Un,undefined,undefined
406,Kapow Systems 3D,undefined,undefined
415,Internal Piranha Byte's Engine,undefined,undefined
424,Homemade,undefined,undefined
426,pyglet,undefined,undefined
447,PINA,undefined,undefined
617,Yuna Engine,undefined,undefined
628,Vulkan,undefined,undefined
664,Asylum,undefined,undefined
316,Serious Engine,undefined,undefined
818,proprietary engine [ by Team Ninja ],undefined,undefined
46,Crystal Engine,undefined,undefined
762,Shooting Game Builder,undefined,undefined
1186,Rockstar Advanced Game Engine,undefined,undefined
593,Allegro,3;6;14;34;39;,undefined
66,BigWorld,undefined,undefined
389,Pixi,undefined,undefined
1176,Meep,undefined,undefined
1114,StepMania,undefined,undefined
10,AnvilNext,6;9;12;41;46;48;49;,38;
1065,Texture,undefined,undefined
1294,Havok Vision Game Engine,undefined,undefined
286,Silent Storm Engine,undefined,undefined
498,DS2,6;,12247;
1358,DOSBox,undefined,undefined
829,PICO-8,undefined,undefined
16,Disrupt,undefined,undefined
278,The Sims 2 Engine,undefined,undefined
36,Asura,undefined,undefined
49,Pyrogenesis,undefined,undefined
528,Glacier 2,undefined,290;
151,Plasma Engine,undefined,undefined
158,Xed,undefined,undefined
175,Dark Side,undefined,undefined
1164,Cardboard,undefined,undefined
176,Earth-4,undefined,undefined
177,Nebula Device,undefined,undefined
187,Alamo,undefined,undefined
188,Snowblind engine,undefined,undefined
214,COBRA,undefined,undefined
230,Gepard 3D engine,undefined,undefined
273,Shadow Knights,undefined,undefined
275,The Banner Saga Engine,undefined,undefined
307,Hammerhead,undefined,undefined
12,Telltale Tool,undefined,undefined
1055,FIFA 2001 Engine,undefined,undefined
939,DreamFactory,undefined,undefined
971,Sega Chihiro,undefined,undefined
116,id Tech 1,undefined,undefined
979,Mars VR Engine,undefined,undefined
816,Yamaneko Engine,undefined,undefined
1353,EAGL 2,undefined,undefined
309,Phoenix Engine (Wolfire),undefined,undefined
315,FAME Tech,undefined,undefined
323,pc,undefined,undefined
320,Gamebook Adventures Engine,undefined,undefined
331,Nitrous,undefined,undefined
338,Z-Engine,undefined,undefined
430,ios,undefined,undefined
625,Starling,undefined,undefined
759,proprietary engine [ by Grinding Gear Games ],undefined,undefined
1365,DIV Game Creator,undefined,undefined
1235,NESiCAxLive,undefined,undefined
144,iMUSE,3;6;7;8;13;14;16;,9;
139,Sith,6;,undefined
1213,ADE-704A,undefined,undefined
159,Playground SDK,undefined,undefined
67,MAX-FX,undefined,undefined
1132,Fuse MOS,undefined,undefined
1138,System-NNN,undefined,undefined
345,Open Dynamics Engine,undefined,undefined
1335,DATA EAST MLC SYSTEM HARDWARE,undefined,undefined
43,Dark Engine,6;,3;21;
351,Unreal Engine 3,undefined,168;
1122,Angular,undefined,undefined
39,SCI1.1,undefined,undefined
108,Amityville,undefined,undefined
111,Groovie,undefined,undefined
125,Voxel Space,undefined,undefined
128,BitSquid,undefined,undefined
1160,Quakespasm,undefined,undefined
252,ZEN,undefined,undefined
91,PathEngine,undefined,undefined
284,Windows Animation Package 32,undefined,undefined
295,GameZ,undefined,undefined
301,CSS,undefined,undefined
1269,V-Nuke,undefined,undefined
256,Siglus,6;,2648;
1219,QZandronum,undefined,undefined
311,Iron Engine,undefined,undefined
313,Beam Next Generation,undefined,undefined
1277,MS23,undefined,undefined
335,Black Hawk engine,undefined,undefined
339,The Eight-Bit Universal Role Playing Engine,undefined,undefined
1203,.ZnZin,undefined,undefined
65,Torque 2D,undefined,undefined
342,MEGA Engine,undefined,undefined
363,Film Window,undefined,undefined
367,Photex,undefined,undefined
371,Gideros,undefined,undefined
457,Spellwrath (Custom Engine),undefined,undefined
619,Flare,undefined,undefined
627,RealSpace 2,undefined,undefined
663,Lithtech Triton,undefined,undefined
666,Soft Engine Lite,undefined,undefined
1207,LibUSB & HIDAPI,undefined,undefined
699,Havoc,undefined,undefined
269,Freescape,undefined,undefined
266,Virtual World Inventor,undefined,undefined
1298,ExEn (Execution Engine),undefined,undefined
1056,Super Monkey Ball Engine,undefined,undefined
513,Firebird Engine,undefined,407;
42,SpeedTree,3;6;9;12;14;46;48;49;,4692;
481,Real Virtuality 4,6;,116;
1004,Konami Hornet,undefined,undefined
82,MonkeyX,undefined,undefined
361,Top Hat Engine,undefined,10371;
60,Prism3D,undefined,undefined
1006,Namco System 246,undefined,undefined
271,XNA Game Studio,undefined,undefined
760,Insomniac Engine,undefined,undefined
280,SmartSim,undefined,undefined
1187,Hiber Engine,undefined,undefined
1200,NESmaker,undefined,undefined
505,Spenefett,undefined,undefined
453,Rataj's Browser Game Engine,82;,12455;
1107,sdl2,undefined,undefined
1066,Windrift,undefined,undefined
1161,flowlab,undefined,undefined
77,AGOS,undefined,undefined
120,Enfusion,undefined,undefined
130,SAGE,undefined,undefined
131,W3D,undefined,undefined
314,Dagor Engine,undefined,undefined
170,Objectnaut,undefined,undefined
181,Kapow,undefined,undefined
840,RSPiX,undefined,undefined
226,X Engine,undefined,undefined
227,GEM,undefined,undefined
224,X3 Reality,undefined,undefined
233,Virtual Dream,undefined,undefined
241,Dragon Co's engine,undefined,undefined
296,Clausewitz Engine,undefined,7466;
276,Klik & Play,undefined,undefined
290,Gouache Engine,undefined,undefined
292,VRAGE,undefined,undefined
303,AJAX,undefined,undefined
1057,Capcom VS SNK 2 Engine,undefined,undefined
321,Trinity Vision Engine,undefined,undefined
326,Quantum3,undefined,undefined
328,Nocturne Engine,undefined,undefined
330,Trinigy Vision Engine,undefined,undefined
1036,Bemani PC Type 4,undefined,undefined
122,Chameleon,undefined,undefined
356,Turbulenz Engine,undefined,undefined
368,Dx Studio,undefined,undefined
379,Sahara Engine (custom built),undefined,undefined
622,Aether Engine,undefined,undefined
682,Doom engine [ using OpenGLES ],undefined,undefined
1118,Ink,undefined,undefined
436,DreamWorld,undefined,458;
70,The Sims 3 Engine,undefined,undefined
741,Spark Casual Engine,6;14;34;,5838;
1349,AliceSoft System4.X,undefined,undefined
51,3Space,undefined,undefined
83,TDRPG Engine,undefined,undefined
1038,ZGameEditor,undefined,undefined
124,Treyarch NGL,undefined,undefined
1285,FOCAL,undefined,undefined
137,SlaveDriver,undefined,undefined
198,Vital Engine,undefined,undefined
1302,SGDK,undefined,undefined
402,Cocos2d-x,undefined,undefined
80,HydroEngine,undefined,undefined
199,Macromedia Director 2.0,undefined,undefined
191,VR-6,undefined,undefined
272,KiriKiri,undefined,undefined
460,Stratagus,undefined,undefined
1320,TBH Game Engine,undefined,undefined
745,Origin FX,undefined,undefined
1344,Piskel,undefined,undefined
774,Mohawk,undefined,undefined
841,C0var1ant RPG Engine,undefined,undefined
904,After Dark,undefined,undefined
1366,RobustToolbox,undefined,undefined
700,Defold,undefined,undefined
55,Euphoria Engine,6;9;12;34;39;48;49;,3405;
1214,ADE-6291,undefined,undefined
1181,Linguini Engine,undefined,undefined
1143,Tesseract,undefined,undefined
693,Cordova,undefined,undefined
1058,Capcom Sports Club Engine,undefined,undefined
61,LithTech,undefined,407;
883,Aseprite,undefined,undefined
282,RENA,6;,1696;
73,Babel engine,undefined,undefined
94,FaceGen,undefined,undefined
1204,QuakeWorld,undefined,undefined
1039,Object Locative Environment Coordinate System,undefined,undefined
479,Black Desert Engine,6;,2746;
492,StoryForge,6;48;49;,12931;
100,Nod Engine,undefined,undefined
1216,Immortal Engine,undefined,undefined
140,Ecstasy Engine,undefined,undefined
164,MacVenture,undefined,undefined
165,Gold Box,undefined,undefined
192,MassTech,undefined,undefined
194,isiMotor2,undefined,undefined
197,Enforce,undefined,undefined
250,Beelzebub,undefined,undefined
359,BlitzMax,undefined,undefined
364,Argon,undefined,undefined
387,Praxis,undefined,undefined
393,Sephius Engine,undefined,undefined
396,BattleCore,undefined,undefined
1197,react,undefined,undefined
291,CANVAS Engine,32;,undefined
353,BRender,undefined,undefined
743,Veloren Engine,undefined,undefined
822,Artemis Engine,undefined,undefined
444,Leadwerks,6;,undefined
1111,Chowdren,undefined,undefined
115,Video Reality,6;,1327;
1103,Custom C++ Backend,undefined,undefined
1140,Chess Engine,undefined,undefined
398,Chess Engine: The King,undefined,undefined
399,Qt,undefined,undefined
405,Tease2D,undefined,undefined
417,NVLMaker,undefined,undefined
463,super fx,undefined,undefined
28,Infinity Engine,6;14;,2;
1286,Super Contra,undefined,undefined
767,Frostbite 2,undefined,undefined
1201,Discord.py,undefined,undefined
119,Glacier,undefined,290;
872,HOPA Engine,undefined,undefined
1068,Hugo,undefined,undefined
1166,FM2K,undefined,undefined
78,Chrome Engine,6;9;12;48;49;,108;
297,Crystal Space,undefined,undefined
488,PC,undefined,undefined
1324,GameStudio,undefined,undefined
1129,Adventure Game Toolkit (AGT),undefined,undefined
1236,Namco System,undefined,undefined
937,RenderDragon,undefined,undefined
168,Angelica 3D,undefined,undefined
169,Eparch 2D,undefined,undefined
702,BYOND,undefined,undefined
190,Omen Engine,undefined,undefined
231,SigE,undefined,undefined
243,A-Life,undefined,undefined
325,Bluepoint Engine,undefined,undefined
247,SurRender 3D,undefined,undefined
376,Adventure Maker,undefined,undefined
466,GH Engine,undefined,undefined
1059,Modified Internal Engine,undefined,undefined
469,React Native,undefined,undefined
1273,VeChain,undefined,undefined
753,Quixel Megascans,undefined,undefined
758,proprietary engine [ by Pearl Abyss ],undefined,undefined
757,ADV+++,undefined,undefined
154,Vengeance Engine,6;,21;
155,INSANE,6;7;13;14;50;78;,undefined
1115,Coretech 3,undefined,undefined
71,Z-machine,undefined,undefined
279,HPL Engine,undefined,undefined
1312,Xash 3D,undefined,undefined
626,LithTech Jupiter,undefined,undefined
482,CryEngine 3,undefined,249;
74,X-ray Engine,6;,144;
189,AtmosFear,undefined,undefined
308,Cryengine 2,undefined,undefined
748,Vision Engine,undefined,undefined
1040,Jade Engine,undefined,undefined
47,id Tech 5,6;9;12;14;48;49;,184;
322,ZDoom,undefined,undefined
201,RuneTek,undefined,undefined
1075,LightForce,undefined,undefined
327,Infernal Engine,undefined,undefined
217,Lightweight Java Game Library,undefined,undefined
547,TW Engine 1,undefined,111;
87,HeroEngine,undefined,undefined
545,Duplicate 669,undefined,undefined
1323,Killer Queen,undefined,undefined
374,SGE Game Engine,3;6;14;,undefined
344,Pygame,undefined,undefined
85,Gex engine,undefined,undefined
4,GoldSrc,3;6;8;11;14;23;,56;
86,IceWave,undefined,undefined
88,Genome,undefined,undefined
117,Quantic Dream Engine,undefined,undefined
180,Marmoset,undefined,undefined
178,HPL,undefined,undefined
182,Enigma engine,undefined,undefined
1218,Minetest(Q89114416),undefined,undefined
202,ioquake3,undefined,undefined
222,True3D,undefined,undefined
306,Corona SDK,undefined,undefined
310,Blam! Engine,undefined,undefined
1060,DikuMUD,undefined,undefined
1125,Ftech X,undefined,undefined
366,Stingray Engine,undefined,undefined
378,Lassie Shepherd,undefined,undefined
1127,adrift,undefined,undefined
383,Sparkle Engine,undefined,undefined
1333,ALLS UX,undefined,undefined
403,T-REX Sandbox,undefined,undefined
1237,Super Namco System,undefined,undefined
422,Intelligent Stupidity,undefined,undefined
427,Asura engine,undefined,undefined
465,Nvidia PhysX,undefined,undefined
569,Wolfenstein RPG,undefined,undefined
970,Atomiswave,undefined,undefined
612,Quicksilver X,undefined,undefined
1287,Atari 6502,undefined,undefined
542,Bright Light Halogen,6;,2142;
1196,LegendO,undefined,undefined
239,Irrlicht,undefined,undefined
236,Cocos2d,undefined,undefined
220,Vicious Engine,undefined,undefined
20,Doom engine,undefined,undefined
1148,NeXAS,undefined,undefined
1112,Sunshine,undefined,undefined
1313,web3,undefined,undefined
391,Dragon Engine,undefined,undefined
697,I-Novae Engine,undefined,undefined
749,Zod Engine,undefined,undefined
751,Visual Basic,undefined,undefined
72,Odyssey,6;11;14;,2;
1041,Despair,undefined,undefined
821,E-mote,undefined,undefined
234,TW Engine 3,undefined,111;
1135,AIMS,undefined,undefined
1113,Sunshine Engine,undefined,undefined
101,Virtual Theatre,undefined,undefined
105,Essence Engine,undefined,undefined
98,Neon Engine,undefined,undefined
96,SAGA,undefined,undefined
135,Geo-Mod,undefined,undefined
133,Terrabuilder,undefined,undefined
166,enhanced Adventure Island,undefined,undefined
196,FXEngine,undefined,undefined
209,Godfather engine,undefined,undefined
244,Vsim,undefined,undefined
384,CharLib,undefined,undefined
397,Faktum Engine,undefined,undefined
1326,OverWorld,undefined,undefined
977,CP System III (CPS-3),undefined,undefined
1061,Crimson Engine,undefined,undefined
1106,Ego Engine 3.0,undefined,undefined
1123,Capcom Play System III (CPS-3),undefined,undefined
1274,WillPlus,undefined,undefined
428,Sigma Engine,undefined,undefined
432,Phoesion GE,undefined,undefined
438,Real Virtuality 3,undefined,undefined
455,Orx,undefined,undefined
508,Alternativa Engine,undefined,undefined
582,Google Play Services,undefined,undefined
586,Spiller,undefined,undefined
618,Swarm Engine,undefined,undefined
669,Essence Engine 5,undefined,undefined
670,Jomini Engine,undefined,undefined
677,Warriors engine,undefined,undefined
679,BigBang,undefined,undefined
689,GlyphX Engine,undefined,undefined
410,android,undefined,undefined
972,Sega Lindbergh,undefined,undefined
777,ALIVE,undefined,undefined
1361,calico,undefined,undefined
503,Simplygon,undefined,undefined
1206,GLM,undefined,undefined
454,ArenaNet Guild Wars,undefined,undefined
1311,Custom Engine,undefined,undefined
429,AngularJs,undefined,undefined
603,Unity3D,undefined,undefined
1189,MapTools,undefined,undefined
817,NeoX engine [ by NetEase Games ],undefined,undefined
819,Ikura GDL,undefined,undefined
1177,BepuPhysics,undefined,undefined
106,ROMU,undefined,undefined
1110,CryEngine V,undefined,undefined
211,Dragonfly,undefined,undefined
1163,MechWarrior 2,undefined,undefined
228,Prometheus In-Game Engine,undefined,undefined
248,StarLancer Engine,undefined,undefined
360,SKALD,undefined,undefined
511,Genesis3D,undefined,undefined
161,STEAM engine,undefined,undefined
600,WangReal Engine,undefined,undefined
381,Valhalla,undefined,undefined
974,CPAL3D Engine,undefined,undefined
157,GAIA,undefined,undefined
1120,Roblox Studio,undefined,undefined
145,GrimE,6;8;14;,undefined
450,Dulst,undefined,undefined
1053,M.U.G.E.N,undefined,undefined
107,Firaxis LORE,undefined,undefined
298,PHP,undefined,undefined
1225,PokeSDK,undefined,undefined
400,LÖVE,undefined,undefined
386,Whale 2,undefined,undefined
388,download,undefined,undefined
392,001,undefined,undefined
1331,Tiger,undefined,undefined
1288,SUGAR,undefined,undefined
423,wpf,undefined,undefined
425,lucha,undefined,undefined
629,Lua,undefined,undefined
671,The Creator Engine,undefined,undefined
672,Voyager Engine,undefined,undefined
675,Thorskan Engine,undefined,undefined
678,Unchained Engine,undefined,undefined
694,nine-gine,undefined,undefined
1304,web,undefined,undefined
739,Quicksilver X Engine,undefined,undefined
740,Touch Video,undefined,undefined
761,proprietary engine [ by Blizzard Entertainment ],undefined,undefined
815,Messiah Engine,undefined,undefined
1062,FIFA International Soccer,undefined,undefined
113,Twilight,undefined,undefined
110,Labyrinth Engine,undefined,undefined
142,AGI,undefined,undefined
160,Autodesk,undefined,undefined
407,Flashpunk,undefined,undefined
150,Onyx Engine,undefined,undefined
183,RAD Engine 4.0,undefined,undefined
409,GameSalad,undefined,undefined
1183,COLDc,undefined,undefined
210,Visceral Engine,undefined,undefined
1157,Dæmon,undefined,undefined
215,ASKA,undefined,undefined
223,Beautiful Voxel,undefined,undefined
1343,Super Mario Bros. S,undefined,undefined
390,Alan Wake engine,undefined,undefined
446,Icarus Platform,undefined,undefined
478,a000ff,undefined,undefined
571,broww,undefined,undefined
536,SCI,undefined,undefined
615,Sensible Soccer,undefined,undefined
756,SeriousProton,undefined,undefined
764,FluffOS,undefined,undefined
362,Foundation Engine,undefined,undefined
1233,MAGE,undefined,undefined
973,Sega ALLS,undefined,undefined
984,Adobe Photoshop,undefined,undefined
985,Logic Pro,undefined,undefined
825,MADNESS Engine,undefined,undefined
1044,Disrupt Engine,undefined,undefined
1070,XRay-Monolith,undefined,undefined
185,Game World Builder,undefined,undefined
232,0gf3. gine,undefined,undefined
249,Forsaken World Engine,undefined,undefined
395,paprastas,undefined,undefined
472,ENIN Engine,undefined,undefined
473,Sketcher Engine,undefined,undefined
485,The Illusion Engine,undefined,undefined
1071,NekoSDK,undefined,undefined
500,Eclipse,undefined,undefined
207,Genie Engine,undefined,undefined
512,Taito FX-1,undefined,undefined
588,OpenGL,undefined,undefined
1263,Oynx Game Solutions,undefined,undefined
522,IRISZOOM,undefined,undefined
521,Blukpast (homebrew),undefined,undefined
534,SCI0,undefined,undefined
975,TIC-80,undefined,undefined
540,War3,undefined,undefined
539,C4 Engine,undefined,undefined
549,Spartan: Total Warrior Engine,undefined,undefined
587,EGO Engine 4.0,undefined,undefined
596,FAudio,undefined,undefined
781,Descent Engine,undefined,undefined
1330,Neptune,undefined,undefined
1045,Eco-Motion Engine,undefined,undefined
820,LithTech Jupiter EX,undefined,undefined
497,Hedgehog Engine,undefined,undefined
31,Adventure Game Studio,undefined,undefined
752,The Alan Wake Engine,undefined,undefined
246,Wolfenstein 3D,undefined,undefined
1188,Glulx,undefined,undefined
1119,Ftech,undefined,undefined
776,Plasma,undefined,undefined
242,Super Star Wars,undefined,undefined
245,Europa,undefined,undefined
680,Cyllista Engine,undefined,undefined
779,InnocentGrey,undefined,undefined
467,BTZ,undefined,undefined
483,Intersect,undefined,undefined
1221,Strikeout,undefined,undefined
775,HyperCard,undefined,undefined
501,Silverback Engine,undefined,undefined
525,SolidEngine,undefined,undefined
530,BackboneJS,undefined,undefined
533,SCGI,undefined,undefined
535,SCI1,undefined,undefined
550,Flash CS6,undefined,undefined
480,XIGNCODE3,6;,undefined
561,Doom Legacy,undefined,undefined
555,Distortion Tools,undefined,undefined
1043,ForzaTech,undefined,undefined
772,Acknex,undefined,undefined
1191,Flambe,undefined,undefined
773,(CN) GameEngine 5,undefined,undefined
780,ExHibit,undefined,undefined
706,NetImmerse,undefined,undefined
141,PainEngine,undefined,undefined
504,Disruptor Engine,undefined,undefined
1046,GGMax,undefined,undefined
1072,A.G.O.N. (Ancient Games Of Nations),undefined,undefined
668,CATHODE Engine,undefined,undefined
742,rpg,undefined,undefined
1336,flexi,undefined,undefined
258,Panta Rhei,undefined,undefined
262,Alchemy,undefined,undefined
281,Phoenix VR,undefined,undefined
401,Numbat Engine,undefined,undefined
474,Brigitte,undefined,undefined
487,Turbine G3,undefined,undefined
562,AtomicEngine,undefined,undefined
563,Ripp3d,undefined,undefined
564,DarkEngine,undefined,undefined
597,Mario Builder,undefined,undefined
599,Geo-Mod 2.0,undefined,undefined
604,12,undefined,undefined
606,OpenMW,undefined,undefined
613,Hiber,undefined,undefined
257,BASIC,undefined,undefined
1352,Fivem,undefined,undefined
1355,Marmalade,undefined,undefined
1292,Forge,undefined,undefined
826,LC-Script Engine,undefined,undefined
830,QLIE,undefined,undefined
1226,egene,undefined,undefined
983,Simple and Fast Multimedia Library,undefined,undefined
84,Custom built engine,undefined,undefined
833,Scratch,undefined,undefined
1246,Custom C Backend,undefined,undefined
1047,RENKEI Engine,undefined,7171;
616,CloudNovel,undefined,undefined
255,Divinity Engine,undefined,undefined
260,Octane Engine,undefined,undefined
382,Phaser,undefined,undefined
332,Atrophy,undefined,undefined
349,Orochi,undefined,undefined
377,LASSIE engine,undefined,undefined
431,kp,undefined,undefined
441,ChoiceScript,undefined,undefined
461,Atari System 2,undefined,undefined
484,AZ (Arika Engine),undefined,undefined
103,Microsoft XNA,undefined,undefined
489,Riot Engine,undefined,undefined
494,Falling Everything Engine,undefined,undefined
527,SDL,undefined,undefined
499,NightShade Engine,undefined,undefined
510,Super Mario Bros. X,undefined,undefined
516,Krome Studios Engine,undefined,undefined
1362,Zoom,undefined,undefined
518,Pinball 2000,undefined,undefined
524,createjs,undefined,undefined
523,Orochi 3,undefined,undefined
506,42,undefined,undefined
1252,AVG32,undefined,undefined
531,KUBOTA/CATERPILLER,undefined,undefined
537,Veronica Engine,undefined,undefined
538,SuperScroller,undefined,undefined
552,Invictus SCX,undefined,undefined
556,GameStudio A8,undefined,undefined
546,AGS,undefined,undefined
333,Horizon,undefined,undefined
1048,Cobra Engine,undefined,undefined
559,GameSparks,undefined,undefined
553,"Custom Engine ""VantEdit""",undefined,undefined
544,NoviceX,undefined,undefined
413,Buildbox,undefined,undefined
598,Sega System 16,undefined,undefined
1289,Trerarch NGL,undefined,undefined
768,Doom RPG,undefined,undefined
1347,RocketFuel,undefined,undefined
541,DarkBASIC Pro,undefined,undefined
486,FLEDGE Engine,undefined,undefined
254,AGDS (Advanced Graphic Development System),undefined,undefined
265,isiMotor,undefined,undefined
1350,Motorola 68000,undefined,undefined
375,Abyss,undefined,undefined
1295,The Sims Engine,undefined,undefined
449,Turbine,undefined,undefined
1170,T-Engine,undefined,undefined
1117,Google Cloud Platform,undefined,undefined
1136,HDAurora,undefined,undefined
490,Bedrock Engine,undefined,undefined
551,android studio,undefined,undefined
1209,Tenka Touitsu ADVANCE,undefined,undefined
602,StageMechanic,undefined,undefined
770,Turok,undefined,undefined
832,ZZT,undefined,undefined
5,NeL,undefined,undefined
304,The Reality Engine,undefined,8601;
823,YU-RIS Script Engine,undefined,undefined
769,GEM2,undefined,undefined
873,UE4,undefined,undefined
581,Granny 3D,undefined,undefined
842,MascotCapsule,undefined,undefined
844,inkscape,undefined,undefined
589,Macromedia Director,undefined,undefined
871,Freespace 2,undefined,undefined
845,FS,undefined,undefined
847,AnyWorld,undefined,undefined
348,Macromedia,undefined,undefined
874,krkr2,undefined,undefined
592,SRPG Studio,undefined,undefined
324,mobile,undefined,undefined
879,Alicesoft System 3.9,undefined,undefined
573,Naughty Dog Engine,undefined,undefined
566,web gl,undefined,undefined
828,SiglusEngine,undefined,undefined
568,DoomRPG,undefined,undefined
572,GlyphX,undefined,undefined
1253,FlixEngine,undefined,undefined
24,REDengine,6;12;14;48;49;,908;
1265,Southpaw,undefined,undefined
691,VueJS,undefined,undefined
579,C-Engine,undefined,undefined
580,AEGIS,undefined,undefined
1337,DoJa,undefined,undefined
578,Liquid Engine,undefined,undefined
583,OWI Core,undefined,undefined
584,PTK Toolkit,undefined,undefined
585,VERGE,undefined,undefined
595,FNA,undefined,undefined
591,SceneKit,undefined,undefined
846,ADV Player HD,undefined,undefined
683,Schmetterling 2.0,undefined,undefined
771,STEM engine,undefined,undefined
827,bruns,undefined,undefined
1141,Versu,undefined,undefined
878,super mario,undefined,undefined
69,Build,3;6;13;14;,188;224;
576,Slipspace Engine,undefined,undefined
1280,MS26,undefined,undefined
1049,Raconteur,undefined,undefined
746,BGI/Ethornell,undefined,undefined
575,CryEngine 5,undefined,undefined
385,Adventure Creator,undefined,undefined
877,Blackbox Engine,undefined,undefined
369,libgdx,undefined,undefined
370,Spritekit,undefined,undefined
884,LMMS,undefined,undefined
986,Audacity,undefined,undefined
1005,Pheonix 3D engine,undefined,undefined
477,D3D,undefined,undefined
1003,Konami GX945,undefined,undefined
261,Soft Engine,undefined,undefined
1232,Intersect Engine,undefined,undefined
886,openBOR,undefined,undefined
337,Void Engine,undefined,undefined
355,Titanium,undefined,undefined
574,Apex,6;48;49;,437;
435,Lair Engine,undefined,undefined
451,Presto Studios,undefined,undefined
458,K2 Engine,undefined,undefined
1165,ROBLOX,undefined,undefined
690,swift,undefined,undefined
885,Hedgehog Engine 2,undefined,undefined
1050,Logan's Shadow,undefined,undefined
285,Spring,undefined,undefined
1150,Capcom Play System Dash,undefined,undefined
253,Unigine,undefined,undefined
358,Blitz3D,undefined,undefined
755,BigWorld Technology,undefined,undefined
1247,appeal studios,undefined,undefined
1314,Viscious Engine,undefined,undefined
459,buidlbox,undefined,undefined
475,Aspyr,undefined,undefined
372,3D Game Studio,undefined,undefined
609,Pie in the Sky,undefined,undefined
688,EA Graphics Library,undefined,undefined
882,melon.js,undefined,undefined
981,Blazing Renderer,undefined,undefined
610,Heaps.io,3;6;14;34;39;48;49;82;130;,undefined
62,Torque Game Engine,3;6;14;,6638;
611,Smile Game Builder,undefined,undefined
476,OpenFL,undefined,undefined
259,Heroic Driving Engine,undefined,undefined
336,Bomberman Engine,undefined,undefined
341,Cryptic Engine,undefined,undefined
445,RV4,undefined,undefined
624,DemonStar Engine,undefined,undefined
1334,StoryMaker,undefined,undefined
1198,Dreams,undefined,undefined
58,Ignite Engine,6;48;49;,1;
274,AbbeyCore,3;6;14;,5317;
548,TW Engine 2,undefined,111;
875,N2System,undefined,undefined
1008,CloakNT,undefined,undefined
193,STORM Engine,undefined,undefined
263,Sparta 3D,undefined,undefined
352,Black Sun Engine,undefined,undefined
442,Shark 3D,undefined,undefined
471,Sega Model 2,undefined,undefined
662,ZeldaClassic,undefined,undefined
938,Cyber Dreams Engine,undefined,undefined
978,Crystal Mines,undefined,undefined
831,Puzzlescript,undefined,undefined
312,Torque 3D,3;6;14;82;,6638;
560,4EVOLVE: Traxor Engine,6;,10850;
1010,Bemani System 573 Digital,undefined,undefined
1184,Bitsy 3D,undefined,undefined
1124,Capcom Play System II (CPS-2),undefined,undefined
1315,Raycast Game Maker,undefined,undefined
264,Traktor,undefined,undefined
299,MySQL,undefined,undefined
329,Multimedia Applications Development Environment,undefined,undefined
452,Saber 3D engine,undefined,undefined
1011,Bemani Python 2,undefined,undefined
980,OpenDune,undefined,undefined
543,A.L.I.V.E.,6;7;,727;
686,LSSDK,6;48;165;,18808;
824,CatSystem2,undefined,undefined
1299,RGM,undefined,undefined
172,id Tech 6,undefined,undefined
317,EDuke 32,undefined,undefined
1144,avdl,undefined,undefined
881,Retro Engine,undefined,undefined
1364,Storytelling System,undefined,undefined
1261,RPG Tsukuuru Super Dante,undefined,undefined
906,The Games Factory,undefined,undefined
698,Haxe OpenFL,undefined,undefined
1262,Kaite Tsukutte Asoberu: Dezaemon,undefined,undefined
149,Proprietary Engine,undefined,undefined
1076,Engine,undefined,undefined
681,KT Engine,6;48;49;130;,2952;
1238,Python Arcade Library,undefined,undefined
1142,DX12,undefined,undefined
45,Vision,undefined,undefined
1146,RPG Maker MZ,undefined,4706;21177;30668;
1077,System4,undefined,undefined
1007,Bemani System 573 Analog,undefined,undefined
1259,Marathon Engine,undefined,undefined
1078,darkness,undefined,undefined
136,Popcap Games Framework,undefined,undefined
267,rUGP,6;9;12;,6230;
509,Unity 2017,3;6;14;34;37;39;46;48;49;74;82;130;137;162;163;165;,3067;
173,OGRE,3;6;9;12;14;34;39;74;,4704;
684,REDengine 4,undefined,undefined
1192,Legion,undefined,undefined
1133,EngineX,undefined,undefined
1102,Genesis Engine,undefined,undefined
219,NScripter,undefined,undefined
1202,DC Tech Three,undefined,undefined
1104,qfusion,undefined,undefined
605,Panda3D,undefined,undefined
221,Game Maker,undefined,undefined
1126,StarCraft II,undefined,undefined
1296,ONScripter,undefined,undefined
1319,unit,undefined,undefined
839,Unreal Engine 2.5,undefined,undefined
456,Godot,3;6;14;34;39;73;82;,undefined
148,Voxlap,undefined,undefined
1338,BREW,undefined,undefined
22,UbiArt Framework,undefined,undefined
468,Blender Game Engine,undefined,undefined
1190,PyWright,undefined,undefined
1155,IW Engine 3.0,undefined,undefined
90,Avalanche engine,undefined,undefined
1266,Emulator,undefined,undefined
52,In-house engine,undefined,undefined
1116,Quark Engine,undefined,undefined
1249,Nethergate,undefined,undefined
703,RPG Maker Fes,undefined,836;2262;
300,HTML,undefined,undefined
240,Multimedia Fusion,undefined,undefined
1340,Butano,undefined,undefined
1342,Candide Engine,undefined,undefined
1152,Custom C# Engine,undefined,undefined
179,Ren'Py Visual Novel Engine,3;6;14;34;39;82;,undefined
520,love2d,undefined,undefined
1205,Skulltag,undefined,undefined
1327,Processing,undefined,undefined
621,Capcom Play System (CPS-1),undefined,undefined
1354,XGS,undefined,undefined
567,Insomniac Engine v.4.0,undefined,undefined
554,Wolfenstein 3D Engine,undefined,undefined
1128,Pixel Game Maker MV,undefined,undefined
1130,Aleph One,undefined,undefined
1067,Text Adventure Development System (TADS),undefined,undefined
419,Buildbox,undefined,undefined
1251,Unity 2021,undefined,undefined
514,Orion Engine,undefined,undefined
1162,minorGems,undefined,undefined
1258,THE DREAMBOX ENGINE,undefined,undefined
1275,Charles Engine,undefined,undefined
1309,Halo Reach,undefined,undefined
152,Saber3D,undefined,undefined
1359,Anura Engine,undefined,undefined
1255,CopperCube,undefined,undefined
1167,proprietary engine [ by Uncasual Games ],undefined,undefined
1276,Eggvine,undefined,undefined
1308,Halo 2,undefined,undefined
1281,steam,undefined,undefined
433,In House Engine,undefined,undefined
778,YU-RIS,undefined,undefined
1260,Marathon 2 Engine,undefined,undefined
277,WOLF RPG Editor,undefined,6955;
529,Unity 5,undefined,3067;
48,id Tech 4,3;6;9;11;12;14;,184;
1224,Windows,undefined,undefined
1267,Genome Engine,undefined,undefined
350,Taito Type X,undefined,undefined
493,PixiJS,undefined,undefined
420,Stencyl,undefined,undefined
1069,GB Studio,undefined,undefined
9,Anvil,6;9;12;41;46;,38;
7,Scimitar,6;9;12;,38;
1173,Darkplaces engine,undefined,undefined
1229,BlooMoo,6;,26506;
1293,Glacier Engine,undefined,undefined
1074,NW.js,undefined,undefined
251,Fighter Maker,undefined,undefined
289,Wintermute Engine,6;,undefined
1348,Adobe Director,undefined,undefined
570,Visual Novel Maker,undefined,undefined
614,Tyranobuilder Visual Novel Studio,undefined,undefined
1240,Pokemon Essentials,undefined,undefined
76,Jade,5;6;8;9;11;12;21;38;,7041;
1227,Professional Adventure Writing System,undefined,undefined
1215,VASSAL,undefined,undefined
1248,SonicOrca,undefined,undefined
558,Inform,undefined,undefined
75,Eclipse Engine,6;9;12;,2;
1193,QuickTime VR,undefined,undefined
1241,mkxp-z,undefined,undefined
1243,RPG Maker 95,undefined,undefined
1153,Custom Java Server,undefined,undefined
1178,LZDoom,undefined,undefined
517,PlayCanvas,undefined,undefined
1245,Sandbox Adventure Engine,undefined,undefined
1156,Red Ring,undefined,undefined
1151,Dhewm 3,undefined,undefined
17,Havok Physics,undefined,undefined
14,MT Framework,undefined,undefined
1042,Zandronum engine,undefined,undefined
1174,Antarctica,undefined,undefined
1194,Namco System 86,undefined,undefined
1158,V-Cruise engine,undefined,undefined
1195,Core Design,undefined,undefined
123,IW Engine,5;6;9;12;14;41;48;49;,428;438;659;
1168,ThreeJS,undefined,undefined
340,GameMaker,undefined,undefined
1169,Solarus,undefined,undefined
565,phaser.io,undefined,undefined
687,id Tech 7,undefined,undefined
1322,JOGL,undefined,undefined
496,Unreal Engine 2,undefined,undefined
1172,OpenSpace,undefined,undefined
287,EAGL,5;6;8;9;11;12;21;,277;
1175,Bullet,undefined,undefined
204,Forest Hale’s Darkplaces engine,undefined,undefined
235,Twine,3;6;14;,undefined
1171,BEPUPhysics,undefined,undefined
18,4A Engine,3;6;9;12;14;48;49;,314;
1254,OHRRPGCE,undefined,undefined
1356,I.K.E.M.E.N. GO,undefined,undefined
1154,EngineXT,undefined,undefined
25,CryEngine,3;6;9;12;34;39;41;48;49;,249;
1303,Flaxengine,undefined,undefined
1208,GLAD,undefined,undefined
1105,Game Maker Studio 2,undefined,undefined
81,RPG Maker VX Ace,undefined,undefined
354,RE Engine,undefined,37;
1305,KickAsm,undefined,undefined
1199,Super Marisa World engine,undefined,undefined
462,Custom HTML5;JavaScript;CSS;,undefined,undefined
1234,Taito G-NET,undefined,undefined
1230,Giants,undefined,undefined
1228,FOnline,undefined,undefined
1231,Taito F3 System,undefined,undefined
940,Sega NAOMI,52;,112;
1283,Adobe Animate,undefined,undefined
1244,Dreamatrix,undefined,undefined
1242,WonderWitch,undefined,undefined
491,Frostbite 3,6;,94;
213,Java,undefined,undefined
620,Gdevelop5,undefined,undefined
156,Clickteam Fusion,undefined,undefined
95,Creation Engine,6;9;12;48;49;,126;
1284,Motorola M6502,undefined,undefined
1297,ZGB engine,undefined,undefined
412,Decima,48;,170;1843;
418,Mercury Steam Engine,undefined,undefined
704,RPG Maker VX,undefined,undefined
334,RPG Maker XP,undefined,undefined
1301,Tiled,undefined,undefined
53,SCUMM,6;13;14;15;16;18;50;63;75;78;86;,9;
63,Adobe AIR,undefined,undefined
667,Unreal,6;,17463;
744,Unity 3d,undefined,undefined
1317,Doomsday,undefined,undefined
507,Godot Engine,undefined,undefined
876,Ren'Py,undefined,undefined
843,unreal 4,undefined,undefined
838,Unreal 2.5,undefined,undefined
1329,FTE QuakeWorld,undefined,undefined
421,Amazon Lumberyard,6;34;39;48;49;,9728;
1222,Neo Geo MVS,undefined,undefined
56,id Tech 3,3;6;8;11;14;23;,184;
1351,TPS Reality,undefined,undefined
1264,https://www.twitch.tv/directory/game/Twitch%20Sings,undefined,undefined
1268,Steambox,undefined,undefined
837,Bitsy,undefined,undefined
1239,unity engine,undefined,undefined
99,Ego Engine,6;9;12;,115;
1290,Proprietry in house engine,undefined,undefined
1300,Nirvana Engine,undefined,undefined
216,Real Live,undefined,undefined
443,fps creator classic,undefined,undefined
814,Luca System,undefined,undefined
1271,Gen Xenotime 3D,undefined,undefined
41,RenderWare,5;6;8;9;11;12;14;21;38;,undefined
696,RPG Maker 2000,undefined,undefined
54,Gamebryo,undefined,3997;3998;
318,Silk Engine,6;9;12;48;49;,405;
880,Alicesoft System,undefined,undefined
2,Frostbite,6;9;12;48;49;,94;
1145,Unity 2020,undefined,undefined
1306,Open Sauce,undefined,undefined
305,RPG Maker,undefined,2165;
601,Unity 2018,3;6;14;37;46;48;49;74;82;130;137;162;163;165;,3067;
64,Adobe Flash Player,82;,7246;
89,PhysX,3;5;6;9;12;34;48;49;,1630;
394,renpy,undefined,undefined
118,Dunia Engine,6;9;12;48;49;,38;
763,GZDoom,undefined,undefined
1339,QUANTUM ENGINE,undefined,undefined
411,Game Maker Studio,undefined,undefined
1272,Rpgmaker,undefined,undefined
464,Visual Studio,undefined,undefined
1360,Mosi,undefined,undefined
200,Evolution,6;9;12;14;48;49;,17;
302,JavaScript,undefined,undefined
1345,GDevelop,undefined,undefined
532,GameMaker Studio 2,undefined,6932;
448,RPG Maker MV,undefined,undefined
695,KEX,3;6;14;49;130;,13169;
97,id Tech 2,3;4;6;7;14;,184;
754,Ubisoft Anvil,6;9;12;41;46;48;49;130;167;169;170;,38;
404,Unity 4,3;5;6;9;12;14;34;37;39;41;46;48;49;74;137;,3067;
380,C++,undefined,undefined
1316,VN Maker,undefined,undefined
1182,GameMaker Studio,undefined,undefined
1332,UFE (Universal Fighting Engine),undefined,undefined
750,Unity 2019,undefined,undefined
6,Unreal Engine,3;5;6;8;9;11;12;14;39;,168;
1318,Shards,undefined,undefined
1217,RPG Maker Dante 98 II,undefined,undefined
982,Unreal Engine 5,undefined,undefined
1341,Sword of Moonlight,undefined,undefined
195,Dawn Engine,undefined,undefined
26,RAGE,5;6;9;12;14;48;49;203;,364;
495,C#,undefined,undefined
590,J2ME,55;,1506;
1346,DECO Cassette System,undefined,undefined
1321,shockwave,undefined,undefined
13,Unity,3;5;6;9;12;14;34;39;41;46;48;49;74;82;,3067;
577,Construct 3,undefined,undefined
1363,Storyspace,undefined,undefined
104,MonoGame,3;6;14;34;39;46;48;49;130;,4835;
3,Source,3;6;9;11;12;14;34;,56;
102,Virtools Engine,6;8;11;,4286;
212,Luminous Studio,undefined,26;
29,Fox Engine,6;9;12;48;49;,170;
79,GameMaker: Studio,3;6;9;14;34;39;46;48;49;74;,6932;
1051,Super Mario 64 Engine,undefined,undefined
470,GameGuru,undefined,undefined
765,RPG Maker 2003,undefined,undefined
